{
  "Twitter-0" : {
    "transaction" : "Twitter-0",
    "sampleCount" : 100,
    "errorCount" : 0,
    "errorPct" : 0.0,
    "meanResTime" : 183.0,
    "medianResTime" : 176.0,
    "minResTime" : 171.0,
    "maxResTime" : 242.0,
    "pct1ResTime" : 202.8,
    "pct2ResTime" : 214.89999999999998,
    "pct3ResTime" : 241.99,
    "throughput" : 7.4710496824803885,
    "receivedKBytesPerSec" : 4.428639802017184,
    "sentKBytesPerSec" : 0.9411771572655958
  },
  "Twitter-1" : {
    "transaction" : "Twitter-1",
    "sampleCount" : 100,
    "errorCount" : 0,
    "errorPct" : 0.0,
    "meanResTime" : 189.69000000000005,
    "medianResTime" : 175.5,
    "minResTime" : 171.0,
    "maxResTime" : 405.0,
    "pct1ResTime" : 236.0,
    "pct2ResTime" : 252.34999999999985,
    "pct3ResTime" : 403.5899999999993,
    "throughput" : 7.466029565477079,
    "receivedKBytesPerSec" : 4.701265492011348,
    "sentKBytesPerSec" : 0.9405447401821712
  },
  "Total" : {
    "transaction" : "Total",
    "sampleCount" : 1100,
    "errorCount" : 0,
    "errorPct" : 0.0,
    "meanResTime" : 517.7745454545451,
    "medianResTime" : 293.0,
    "minResTime" : 9.0,
    "maxResTime" : 3968.0,
    "pct1ResTime" : 1081.8,
    "pct2ResTime" : 1426.0,
    "pct3ResTime" : 3089.51,
    "throughput" : 62.81048364072403,
    "receivedKBytesPerSec" : 4691.732347042197,
    "sentKBytesPerSec" : 11.107819905213269
  },
  "Twitter" : {
    "transaction" : "Twitter",
    "sampleCount" : 100,
    "errorCount" : 0,
    "errorPct" : 0.0,
    "meanResTime" : 675.1699999999997,
    "medianResTime" : 600.0,
    "minResTime" : 568.0,
    "maxResTime" : 1062.0,
    "pct1ResTime" : 895.9,
    "pct2ResTime" : 918.75,
    "pct3ResTime" : 1061.86,
    "throughput" : 7.037297677691766,
    "receivedKBytesPerSec" : 468.51283482142856,
    "sentKBytesPerSec" : 2.6321142681210414
  },
  "Twitter-2" : {
    "transaction" : "Twitter-2",
    "sampleCount" : 100,
    "errorCount" : 0,
    "errorPct" : 0.0,
    "meanResTime" : 301.3800000000001,
    "medianResTime" : 241.0,
    "minResTime" : 220.0,
    "maxResTime" : 623.0,
    "pct1ResTime" : 535.0,
    "pct2ResTime" : 568.3499999999999,
    "pct3ResTime" : 622.98,
    "throughput" : 7.259001161440186,
    "receivedKBytesPerSec" : 474.39904827689463,
    "sentKBytesPerSec" : 0.8861085402148664
  },
  "Quora " : {
    "transaction" : "Quora ",
    "sampleCount" : 100,
    "errorCount" : 0,
    "errorPct" : 0.0,
    "meanResTime" : 1622.3,
    "medianResTime" : 1291.5,
    "minResTime" : 830.0,
    "maxResTime" : 3968.0,
    "pct1ResTime" : 3091.8,
    "pct2ResTime" : 3408.999999999998,
    "pct3ResTime" : 3964.199999999998,
    "throughput" : 6.303977809998109,
    "receivedKBytesPerSec" : 984.9187796483957,
    "sentKBytesPerSec" : 2.320898080438757
  },
  "Quora -0" : {
    "transaction" : "Quora -0",
    "sampleCount" : 100,
    "errorCount" : 0,
    "errorPct" : 0.0,
    "meanResTime" : 21.02,
    "medianResTime" : 13.0,
    "minResTime" : 9.0,
    "maxResTime" : 105.0,
    "pct1ResTime" : 35.70000000000002,
    "pct2ResTime" : 105.0,
    "pct3ResTime" : 105.0,
    "throughput" : 6.843221788818176,
    "receivedKBytesPerSec" : 2.191969479230822,
    "sentKBytesPerSec" : 0.8487198898241293
  },
  "Facebook" : {
    "transaction" : "Facebook",
    "sampleCount" : 100,
    "errorCount" : 0,
    "errorPct" : 0.0,
    "meanResTime" : 552.0199999999998,
    "medianResTime" : 523.0,
    "minResTime" : 463.0,
    "maxResTime" : 887.0,
    "pct1ResTime" : 640.6,
    "pct2ResTime" : 691.0,
    "pct3ResTime" : 886.1799999999996,
    "throughput" : 7.241653993772177,
    "receivedKBytesPerSec" : 1361.5627715620249,
    "sentKBytesPerSec" : 1.6689749438771817
  },
  "Facebook-1" : {
    "transaction" : "Facebook-1",
    "sampleCount" : 100,
    "errorCount" : 0,
    "errorPct" : 0.0,
    "meanResTime" : 340.5600000000001,
    "medianResTime" : 316.5,
    "minResTime" : 280.0,
    "maxResTime" : 670.0,
    "pct1ResTime" : 412.9000000000001,
    "pct2ResTime" : 479.39999999999986,
    "pct3ResTime" : 669.3399999999997,
    "throughput" : 7.36105999263894,
    "receivedKBytesPerSec" : 1381.448259799411,
    "sentKBytesPerSec" : 0.8482471475892528
  },
  "Quora -2" : {
    "transaction" : "Quora -2",
    "sampleCount" : 100,
    "errorCount" : 0,
    "errorPct" : 0.0,
    "meanResTime" : 1092.6400000000003,
    "medianResTime" : 1004.5,
    "minResTime" : 548.0,
    "maxResTime" : 2264.0,
    "pct1ResTime" : 1806.2,
    "pct2ResTime" : 2084.3999999999996,
    "pct3ResTime" : 2263.0499999999997,
    "throughput" : 6.982265046781176,
    "receivedKBytesPerSec" : 1084.3470573025766,
    "sentKBytesPerSec" : 0.8386900397989108
  },
  "Facebook-0" : {
    "transaction" : "Facebook-0",
    "sampleCount" : 100,
    "errorCount" : 0,
    "errorPct" : 0.0,
    "meanResTime" : 210.83,
    "medianResTime" : 205.0,
    "minResTime" : 167.0,
    "maxResTime" : 312.0,
    "pct1ResTime" : 232.9,
    "pct2ResTime" : 238.95,
    "pct3ResTime" : 311.46999999999974,
    "throughput" : 7.412348973389667,
    "receivedKBytesPerSec" : 2.5828851178563488,
    "sentKBytesPerSec" : 0.8541574012304499
  },
  "Quora -1" : {
    "transaction" : "Quora -1",
    "sampleCount" : 100,
    "errorCount" : 0,
    "errorPct" : 0.0,
    "meanResTime" : 506.9100000000002,
    "medianResTime" : 274.0,
    "minResTime" : 248.0,
    "maxResTime" : 2135.0,
    "pct1ResTime" : 1346.8,
    "pct2ResTime" : 1433.8,
    "pct3ResTime" : 2129.9399999999973,
    "throughput" : 6.7778229632641995,
    "receivedKBytesPerSec" : 4.183055230784872,
    "sentKBytesPerSec" : 0.8406089026704623
  }
}